URL,HTTP status code,Page title,Meta description,Canonical URL,H1
https://peak-pim.com/,200,Peak PIM | Product Management for Shopify Merchants,"Manage, edit, and sync your product data across multiple Shopify stores from one place. Bulk editing, media management, and real-time sync.",,One place for all your Shopify products
https://peak-pim.com/1-click-setup,200,1-Click Setup | Connect Your Shopify Store to Peak PIM Instantly,"Set up your Shopify PIM in minutes, not weeks. Peak PIM extracts your entire catalog automatically — products, variants, collections, and metafields. No manual work required.",,PIMs take weeks to set up. Peak PIM takes one click.
https://peak-pim.com/bulk-edit,200,Bulk Edit Shopify Catalog & Metafields | Peak PIM,"Bulk edit products, variants, metafields, images, collections and SEO data across your entire Shopify catalog. No CSV. No limits. Built for multi-store merchants.",,Edit your entire Shopify catalog in minutes
https://peak-pim.com/industry/fashion,200,The Best PIM for Shopify Fashion Brands | Peak PIM,"Peak PIM is the Shopify-native PIM for fashion brands. Bulk edit variants, collections, size charts, and media across your catalog in minutes.",,The Shopify PIM built for fashion brands
https://peak-pim.com/legals/privacy,200,Privacy Policy,,,
https://peak-pim.com/mission,200,Our Mission | Peak PIM,"Peak PIM is fixing the missing piece in Shopify — product data management. One place to manage, enrich, and sync your entire catalog across every store.",,
https://peak-pim.com/pricing,200,"Peak PIM | Simple, Fair Pricing for Shopify Merchants","Three plans starting at $99/mo. Manage up to 30,000 SKUs across multiple Shopify stores. 10-day free trial, no credit card required.",,Simple pricing
https://peak-pim.com/replace-your-shopify-app-stack,200,Shopify PIM vs app stack: one tool instead of five (2026),"Stop juggling 5 Shopify apps for product data. Peak PIM replaces Matrixify, Metafields Guru, bulk editors, and DAM tools with one Shopify-native PIM.",,Replace your Shopify app stack with one PIM
https://peak-pim.com/shopify-media-management,200,Shopify Media Management — One Library for Every Store | Peak PIM,"Manage all your Shopify media from one place. Bulk edit file names and alt text, organize with folders and tags, track asset usage across stores.",,Shopify media management that actually works
https://peak-pim.com/shopify-multi-store-pim,200,Shopify Multi-Store PIM — Manage All Your Stores in One Place | Peak PIM,"Peak PIM connects all your Shopify stores and keeps your product catalog in sync. Edit once, push everywhere. Bulk edit, shared media library, and metafield sync across every storefront.",,One PIM for all your Shopify stores
https://peak-pim.com/shopify-pim-alternatives,200,Shopify PIM alternatives: compare the top tools (2026),"Compare the top Shopify PIM alternatives including Akeneo, Plytix, Salsify, and Peak PIM. See pricing, features, and which one fits your Shopify catalog.",,The complete guide to Shopify PIM alternatives
https://peak-pim.com/shopify-sync,200,"Shopify-Native PIM — Sync Products, Collections & Metafields | Peak PIM","Peak PIM is a Shopify-native PIM. Import your full catalog in one click — products, collections, metafields, metaobjects, and files. Publish changes to Shopify when you're ready.",,The first PIM built natively for Shopify
https://peak-pim.com/vs/akeneo,200,Peak PIM vs Akeneo: which Shopify PIM fits your catalog? (2026),"Compare Peak PIM and Akeneo side by side. Pricing ($99/mo vs $25K+/yr), setup time, Shopify-native integration, multi-store sync, and which tool fits Shopify-first brands.",,Peak PIM beats Akeneo for Shopify-first brands
https://peak-pim.com/vs/catsy,200,Peak PIM vs Catsy: which Shopify PIM fits your catalog? (2026),"Compare Peak PIM and Catsy side by side. Pricing, setup time, Shopify-native integration, syndication features, and which tool fits Shopify-first brands.",,Peak PIM beats Catsy for Shopify-first brands
https://peak-pim.com/vs/plytix,200,Peak PIM vs Plytix: which Shopify PIM fits your catalog? (2026),"Compare Peak PIM and Plytix side by side. Pricing ($99/mo vs $499/mo), setup time, Shopify-native integration, multi-store sync, metafields support, and which tool fits Shopify-first brands.",,Peak PIM beats Plytix for Shopify-first brands
https://peak-pim.com/vs/quable,200,Peak PIM vs Quable: which Shopify PIM fits your catalog? (2026),"Compare Peak PIM and Quable side by side. Pricing, setup time, Shopify-native integration, multi-store sync, and which tool fits Shopify-first brands.",,Peak PIM beats Quable for Shopify-first brands
https://peak-pim.com/vs/shopify-admin,200,Shopify admin vs PIM: when to add Peak PIM (2026),"Shopify admin works for small catalogs. At hundreds of products with metafields, media, and multiple stores, you need a Shopify PIM. See when Peak PIM helps.",,Peak PIM extends Shopify admin for catalogs at scale
